z,observation,lcdm_prediction,uat_prediction,residual_uat,survey
0.38,10.25,10.426250404529698,10.036248470423892,0.21375152957610766,BOSS
0.51,13.37,13.502651405402547,12.997574320223816,0.37242567977618357,BOSS
0.61,15.48,15.70921766790935,15.121602270612541,0.35839772938745895,BOSS
1.48,26.47,30.232974123751536,29.102086419681886,-2.6320864196818867,eBOSS
2.33,37.55,39.196730510420004,37.73054658843723,-0.18054658843723104,eBOSS
