z,observation,observation_error,lcdm_prediction,uat_prediction,uat_residual
0.38,10.25,0.16,10.426250404529698,10.036248470423892,0.21375152957610766
0.51,13.370000000000001,0.195,13.502651405402547,12.997574320223816,0.37242567977618535
0.61,15.485,0.21000000000000002,15.70921766790935,15.121602270612541,0.36339772938745796
1.48,26.47,0.415,30.232974123751536,29.102086419681886,-2.6320864196818867
2.33,37.55,1.15,39.196730510420004,37.73054658843723,-0.18054658843723104
