z,prediction,observation,error,diff_sigma
0.38,10.426250404529698,10.25,0.16,-1.1015650283106138
0.51,13.502651405402547,13.370000000000001,0.195,-0.6802636174489552
0.61,15.70921766790935,15.485,0.21000000000000002,-1.067703180520716
1.48,30.232974123751536,26.47,0.415,-9.067407527112138
2.33,39.196730510420004,37.55,1.15,-1.4319395742782666
